id;apellido;fechaHora
CITA-001;Castro;2025-03-27T01:45
CITA-002;Salazar;2025-03-19T18:37
CITA-003;López;2025-03-24T18:43
CITA-004;García;2025-03-23T23:26
CITA-005;Reyes;2025-03-09T08:14
CITA-006;Jiménez;2025-03-21T13:27
CITA-007;López;2025-03-29T09:17
CITA-008;Mora;2025-03-19T06:51
CITA-009;Castro;2025-03-02T00:56
CITA-010;Ortega;2025-03-18T04:13
CITA-011;Morales;2025-03-18T04:36
CITA-012;Medina;2025-03-17T11:27
CITA-013;Reyes;2025-03-18T05:00
CITA-014;Reyes;2025-03-07T06:09
CITA-015;Bravo;2025-03-13T07:42
CITA-016;Mora;2025-03-07T18:28
CITA-017;Ramírez;2025-03-16T02:31
CITA-018;Jiménez;2025-03-09T19:05
CITA-019;Bravo;2025-03-16T02:03
CITA-020;Cedeño;2025-03-28T11:39
CITA-021;Navarrete;2025-03-07T06:51
CITA-022;Mora;2025-03-29T02:16
CITA-023;Naranjo;2025-03-27T18:04
CITA-024;Bravo;2025-03-29T15:34
CITA-025;Corozo;2025-03-03T02:48
CITA-026;Soto;2025-03-02T17:47
CITA-027;Gómez;2025-03-03T04:55
CITA-028;Naranjo;2025-03-04T23:38
CITA-029;Palacios;2025-03-16T14:42
CITA-030;Mora;2025-03-28T18:24
CITA-031;Guerrero;2025-03-24T08:39
CITA-032;Corozo;2025-03-11T01:06
CITA-033;Ortega;2025-03-10T03:06
CITA-034;Navarrete;2025-03-28T04:20
CITA-035;López;2025-03-03T19:21
CITA-036;Corozo;2025-03-19T23:34
CITA-037;Mendoza;2025-03-28T09:12
CITA-038;Paredes;2025-03-17T01:42
CITA-039;Vera;2025-03-07T03:52
CITA-040;Vera;2025-03-22T12:55
CITA-041;Rojas;2025-03-10T09:47
CITA-042;Palacios;2025-03-17T17:19
CITA-043;Palacios;2025-03-25T19:02
CITA-044;Martínez;2025-03-09T13:17
CITA-045;García;2025-03-11T01:59
CITA-046;Soto;2025-03-22T17:38
CITA-047;Soto;2025-03-14T14:35
CITA-048;García;2025-03-08T22:45
CITA-049;Soto;2025-03-18T08:58
CITA-050;Morales;2025-03-30T20:50
CITA-051;Corozo;2025-03-04T20:16
CITA-052;Medina;2025-03-23T21:22
CITA-053;Salazar;2025-03-06T23:10
CITA-054;Mendoza;2025-03-10T21:33
CITA-055;Cedeño;2025-03-20T06:26
CITA-056;Fernández;2025-03-13T10:12
CITA-057;Morales;2025-03-24T10:30
CITA-058;Castro;2025-03-06T03:10
CITA-059;Mora;2025-03-19T00:06
CITA-060;Vargas;2025-03-01T11:26
CITA-061;Castro;2025-03-16T06:38
CITA-062;Torres;2025-03-16T20:41
CITA-063;Ramírez;2025-03-17T14:19
CITA-064;Mendoza;2025-03-30T04:03
CITA-065;Palacios;2025-03-16T21:23
CITA-066;Sánchez;2025-03-13T22:21
CITA-067;Torres;2025-03-11T15:00
CITA-068;Ortega;2025-03-29T08:22
CITA-069;Vargas;2025-03-05T18:14
CITA-070;Ortega;2025-03-02T11:58
CITA-071;Mora;2025-03-24T19:47
CITA-072;Naranjo;2025-03-12T13:58
CITA-073;Salazar;2025-03-08T05:14
CITA-074;Palacios;2025-03-20T16:50
CITA-075;García;2025-03-16T19:39
CITA-076;Palacios;2025-03-31T14:25
CITA-077;Castro;2025-03-31T16:09
CITA-078;Corozo;2025-03-30T21:17
CITA-079;López;2025-03-03T04:53
CITA-080;Jiménez;2025-03-21T19:07
CITA-081;García;2025-03-21T23:23
CITA-082;Cedeño;2025-03-03T20:27
CITA-083;Sánchez;2025-03-19T08:19
CITA-084;Paredes;2025-03-31T03:41
CITA-085;Ramírez;2025-03-16T11:54
CITA-086;Torres;2025-03-13T20:47
CITA-087;Jiménez;2025-03-19T11:05
CITA-088;Ramírez;2025-03-08T10:30
CITA-089;Naranjo;2025-03-12T05:47
CITA-090;Soto;2025-03-16T14:16
CITA-091;Gómez;2025-03-17T20:16
CITA-092;Navarrete;2025-03-22T05:20
CITA-093;Rojas;2025-03-02T05:46
CITA-094;Ramírez;2025-03-06T00:56
CITA-095;Navarrete;2025-03-20T06:11
CITA-096;López;2025-03-07T21:54
CITA-097;Torres;2025-03-29T07:34
CITA-098;Ortega;2025-03-16T13:59
CITA-099;Corozo;2025-03-05T04:10
CITA-100;Naranjo;2025-03-21T16:40
